['AARON','ABACI','ABACK','ABAFT','ABASE','ABASH','ABATE','ABBEY','ABBOT','ABEAM','ABHOR','ABIDE','ABNER','ABODE','ABORT','ABOUT','ABOVE','ABUJA','ABUSE','ABUZZ','ABYSM','ABYSS','ACCRA','ACERB','ACNED','ACORN','ACRID','ACTIN','ACTOR','ACUTE','ADAGE','ADAMS','ADANA','ADAPT','ADDED','ADDER','ADDLE','ADELA','ADELE','ADEPT','ADIEU','ADIOS','ADLER','ADMAN','ADMIT','ADMIX','ADOBE','ADOPT','ADORE','ADORN','ADULT','AEGIS','AERIE','AESOP','AFFIX','AFIRE','AFOOT','AFOUL','AFTER','AGAIN','AGANA','AGAPE','AGATE','AGAVE','AGENT','AGGIE','AGILE','AGING','AGISM','AGIST','AGITA','AGLOW','AGNES','AGNEW','AGONY','AGORA','AGREE','AHEAD','AIDER','AIKEN','AIOLI','AISLE','AISNE','AITCH','AKBAR','AKKAD','AKRON','ALAMO','ALARM','ALBAN','ALBEE','ALBUM','ALCOR','ALDAN','ALDEN','ALDER','ALERT','ALEUT','ALGAE','ALGAL','ALGER','ALGOL','ALIAS','ALIBI','ALICE','ALIEN','ALIGN','ALIKE','ALINE','ALIVE','ALIYA','ALKYD','ALLAH','ALLAN','ALLAY','ALLEE','ALLEN','ALLEY','ALLOT','ALLOW','ALLOY','ALLYN','ALOES','ALOFT','ALOHA','ALONE','ALONG','ALOOF','ALOUD','ALPHA','ALTAI','ALTAR','ALTER','ALTHO','ALTON','ALVAH','ALVIN','ALYCE','AMAIN','AMASS','AMATI','AMAZE','AMBER','AMBER','AMBIT','AMBLE','AMEBA','AMEND','AMENT','AMIDE','AMIGO','AMINE','AMISH','AMISS','AMITY','AMMAN','AMNIA','AMNIO','AMONG','AMOUR','AMPLE','AMPLY','AMPUL','AMUCK','AMUSE','ANDES','ANDRE','ANENT','ANGEL','ANGER','ANGLE','ANGLE','ANGLO','ANGRY','ANGST','ANGUS','ANIME','ANION','ANISE','ANITA','ANJOU','ANKLE','ANNAM','ANNEX','ANNIE','ANNOY','ANNUL','ANODE','ANOLE','ANOMY','ANTIC','ANTIS','ANTON','ANTSY','ANVIL','AORTA','APACE','APART','APHID','APHIS','APNEA','APORT','APPAL','APPLE','APPLY','APRIL','APRON','APSIS','APTLY','AQABA','AQUAE','ARBIL','ARBOR','ARDEN','ARDOR','AREAL','ARENA','ARETE','ARGON','ARGOS','ARGOT','ARGUE','ARGUS','ARHUS','ARIES','ARISE','ARIUS','ARLEN','ARLIN','ARMED','ARMOR','AROMA','AROSE','ARRAS','ARRAY','ARROW','ARSON','ARTSY','ARUBA','ARYAN','ASAMA','ASCII','ASCOT','ASHEN','ASHES','ASIAN','ASIDE','ASKER','ASKEW','ASPEN','ASPIC','ASSAD','ASSAY','ASSET','ASTER','ASTIR','ASTOR','ASWAN','ASYUT','ATILT','ATLAS','ATLAS','ATMAN','ATMAN','ATOLL','ATONE','ATRIA','ATTAR','ATTIC','ATTIC','AUDEN','AUDIO','AUDIT','AUDRA','AUGER','AUGHT','AUGUR','AURAE','AURAL','AURAR','AUXIN','AVAIL','AVAST','AVERT','AVIAN','AVOID','AWACS','AWAIT','AWAKE','AWARD','AWARE','AWASH','AWFUL','AWNED','AWOKE','AXIAL','AXIOM','AZTEC','AZURE','BABAR','BABEL','BABEL','BABER','BABUR','BACON','BACON','BADEN','BADGE','BADLY','BAGEL','BAGGY','BAHAI','BAHIA','BAIRN','BAIZA','BAIZE','BAKER','BAKER','BALER','BALKY','BALLS','BALMY','BALSA','BANAL','BANDY','BANGS','BANJO','BANKS','BANNS','BANTU','BARGE','BARON','BARRE','BARRY','BARTH','BASAL','BASED','BASEL','BASES','BASIC','BASIC','BASIC','BASIE','BASIL','BASIL','BASIN','BASIS','BASLE','BASRA','BASSI','BASSO','BASTE','BATCH','BATED','BATHE','BATHS','BATIK','BATON','BATTY','BAULK','BAWDY','BAYOU','BAZAR','BEACH','BEADS','BEADY','BEANO','BEARD','BEAST','BEAUT','BEAUX','BEBOP','BECKY','BEDEW','BEDIM','BEECH','BEEFY','BEERY','BEFIT','BEFOG','BEGAN','BEGAT','BEGET','BEGIN','BEGIN','BEGOT','BEGUM','BEGUN','BEHAN','BEIGE','BEING','BEIRA','BELAU','BELAY','BELCH','BELEM','BELIE','BELLA','BELLE','BELLE','BELLY','BELOW','BENCH','BENCH','BENDS','BENET','BENIN','BENNY','BENXI','BERET','BERNE','BERRA','BERRY','BERRY','BERTH','BERYL','BERYL','BESET','BESOM','BESOT','BETEL','BETSY','BETTA','BETTE','BETTY','BEVEL','BEZEL','BHANG','BIBLE','BIBLE','BIDDY','BIDET','BIGHT','BIGOT','BIJOU','BIKER','BILGE','BILLY','BILLY','BIMBO','BINGE','BINGO','BIOKO','BIOME','BIOTA','BIPED','BIRCH','BIRTH','BISON','BITCH','BITER','BITTY','BIZET','BLACK','BLACK','BLADE','BLAIN','BLAIR','BLAKE','BLAME','BLANC','BLAND','BLANK','BLARE','BLASE','BLAST','BLAZE','BLEAK','BLEAR','BLEAT','BLEED','BLEEP','BLEND','BLENT','BLESS','BLEST','BLIGH','BLIMP','BLIND','BLINK','BLISS','BLITZ','BLOAT','BLOCK','BLOKE','BLOND','BLOOD','BLOOM','BLOWN','BLOWY','BLUES','BLUET','BLUFF','BLUNT','BLURB','BLURT','BLUSH','BOARD','BOAST','BOBBY','BOBBY','BOCCE','BOCCI','BOFFO','BOGEY','BOGGY','BOGIE','BOGUS','BOHOL','BOISE','BOLAS','BOLUS','BONDS','BONER','BONEY','BONGO','BONNY','BONUS','BONZE','BOOBY','BOOKS','BOONE','BOOST','BOOTH','BOOTH','BOOTY','BOOZE','BOOZY','BORAX','BORED','BORER','BORIS','BORNE','BORON','BOSCH','BOSKY','BOSOM','BOSON','BOSSY','BOSUN','BOTCH','BOUGH','BOUND','BOURN','BOWEL','BOWER','BOWIE','BOWLS','BOXER','BOYLE','BRACE','BRACT','BRADY','BRAHE','BRAID','BRAIN','BRAKE','BRAND','BRANT','BRANT','BRASH','BRASS','BRAUN','BRAVE','BRAVO','BRAWL','BRAWN','BRAZE','BREAD','BREAK','BREAM','BREDA','BREED','BRENT','BREST','BRETT','BREVE','BRIAN','BRIAR','BRIBE','BRICE','BRICK','BRIDE','BRIEF','BRIER','BRILL','BRINE','BRING','BRINK','BRINY','BRISK','BROAD','BROIL','BROKE','BRONC','BRONX','BROOD','BROOK','BROOM','BROTH','BROWN','BROWN','BRUCE','BRUIN','BRUIT','BRUNO','BRUNT','BRUSH','BRUSK','BRUTE','BRYAN','BRYCE','BUBBA','BUBER','BUDDY','BUDDY','BUDGE','BUGGY','BUGLE','BUILD','BUILT','BULGE','BULGY','BULKY','BULLY','BUMPY','BUNCH','BUNCO','BUNDT','BUNIN','BUNKO','BUNNY','BURBS','BURET','BURGH','BURKE','BURLY','BURMA','BURNS','BURNT','BURRO','BURRY','BURSA','BURSA','BURST','BUSBY','BUSHY','BUTCH','BUTEO','BUTTE','BUTTE','BUTUT','BUTYL','BUXOM','BUYER','BYLAW','BYRON','BYWAY','CABAL','CABBY','CABIN','CABLE','CABOT','CACAO','CACHE','CACTI','CADDY','CADET','CADGE','CADIZ','CADRE','CAECA','CAGER','CAGEY','CAINE','CAIRN','CAIRO','CAJAN','CAJUN','CAKEY','CALEB','CALIF','CALIX','CALLA','CALVE','CALYX','CAMEL','CAMEO','CAMPY','CAMUS','CANAL','CANDY','CANER','CANNA','CANNY','CANOE','CANON','CANST','CANTO','CAPED','CAPER','CAPET','CAPON','CAPRA','CAPRI','CARAT','CARDS','CARER','CARET','CAREY','CARGO','CARIB','CARLA','CARNE','CARNY','CAROB','CAROL','CAROL','CAROM','CARPI','CARRY','CARVE','CARYL','CASTE','CATCH','CATER','CATHY','CATTY','CAULK','CAUSE','CAVER','CAVIL','CEASE','CECAL','CECIL','CECUM','CEDAR','CEDER','CEIBA','CELIA','CELLI','CELLO','CERES','CETUS','CEUTA','CHAFE','CHAFF','CHAIN','CHAIR','CHALK','CHAMP','CHANG','CHANT','CHAOS','CHAOS','CHAPS','CHARD','CHARM','CHART','CHARY','CHASE','CHASE','CHASM','CHEAP','CHEAT','CHECK','CHEEK','CHEEP','CHEER','CHEMO','CHERT','CHESS','CHEST','CHEWY','CHIAI','CHIBA','CHICK','CHIDE','CHIEF','CHIEF','CHILD','CHILE','CHILE','CHILI','CHILL','CHIME','CHIMP','CHINA','CHINA','CHINE','CHINK','CHINO','CHIPS','CHIRP','CHITA','CHIVE','CHLOE','CHOCK','CHOIR','CHOKE','CHOMP','CHOPS','CHORD','CHORE','CHOSE','CHRIS','CHUCK','CHUMP','CHUNK','CHURL','CHURN','CHUTE','CHYLE','CHYME','CIDER','CIGAR','CILIA','CINCH','CINDY','CIRCA','CIRCE','CIRRI','CIVET','CIVIC','CIVIL','CLACK','CLAIM','CLAMP','CLANG','CLANK','CLARA','CLARE','CLARK','CLASH','CLASP','CLASS','CLAUD','CLEAN','CLEAR','CLEAT','CLEFT','CLERK','CLICK','CLIFF','CLIMB','CLIME','CLING','CLINK','CLINT','CLIPS','CLIVE','CLOAK','CLOCK','CLOGS','CLOMP','CLONE','CLONK','CLOSE','CLOTH','CLOUD','CLOUT','CLOVE','CLOWN','CLUCK','CLUMP','CLUNG','CLUNK','CLWYD','CLYDE','COACH','COALS','COAST','COATI','COBOL','COBOL','COBRA','COCCI','COCKY','COCOA','CODED','CODER','CODEX','COHAN','COIGN','COLIC','COLIN','COLON','COLOR','COMBO','COMER','COMET','COMFY','COMIC','COMMA','COMTE','CONCH','CONDO','CONEY','CONGA','CONGO','CONIC','CONTE','COOKY','COPAY','COPRA','COPSE','CORAL','CORAL','CORDS','CORER','COREY','CORFU','CORGI','CORIA','CORKY','CORNY','COROT','CORPS','COSBY','COSTS','COUCH','COUGH','COULD','COUNT','COUNT','COUPE','COURT','COUTH','COVEN','COVER','COVET','COVEY','COWER','COWRY','COYLY','COYPU','COZEN','CRACK','CRAFT','CRAIG','CRAMP','CRANE','CRANE','CRANK','CRAPE','CRAPS','CRAPY','CRASH','CRASS','CRATE','CRAVE','CRAWL','CRAZE','CRAZY','CREAK','CREAM','CREDO','CREDO','CREED','CREEK','CREEK','CREEL','CREEP','CREME','CREPE','CREPT','CRESS','CREST','CRETE','CRICK','CRICK','CRIED','CRIER','CRIME','CRIMP','CRISP','CROAK','CROAT','CROCE','CROCI','CROCK','CRONE','CRONY','CROOK','CROON','CROSS','CROUP','CROWD','CROWN','CROWN','CRUDE','CRUEL','CRUET','CRUMB','CRUSE','CRUSH','CRUST','CRYER','CRYPT','CUBAN','CUBER','CUBIC','CUBIT','CUFFS','CUMIN','CUPAR','CUPID','CUPID','CURDS','CURDY','CURER','CURIA','CURIA','CURIE','CURIE','CURIO','CURLY','CURRY','CURSE','CURST','CURVE','CURVY','CUSHY','CUTUP','CUZCO','CYCLE','CYDER','CYMRU','CYNIC','CYNIC','CYRIL','CYRUS','CZECH','DACCA','DACHA','DACIA','DADDY','DAFFY','DAILY','DAIRY','DAISY','DAISY','DAKAR','DALEY','DALLY','DANCE','DANDY','DANIO','DANNY','DANTE','DARER','DARLA','DARTS','DARYL','DATED','DATER','DATUM','DAUNT','DAVAO','DAVID','DAVIS','DAVIT','DAWES','DAYAN','DAZED','DEALT','DEANE','DEATH','DEBAR','DEBBY','DEBIT','DEBRA','DEBUG','DEBUT','DECAF','DECAL','DECAY','DECOR','DECOY','DECRY','DEENA','DEFER','DEFOE','DEFOG','DEGAS','DEGAS','DEICE','DEIFY','DEIGN','DEISM','DEIST','DEITY','DEITY','DELAY','DELFT','DELHI','DELIA','DELLA','DELOS','DELTA','DELVE','DEMIT','DEMON','DEMUR','DENAR','DENEB','DENIM','DENIS','DENNY','DENSE','DEPOT','DEPTH','DERBY','DERBY','DEREK','DERMA','DERRY','DESEX','DETER','DETOX','DEUCE','DEVIL','DEVIL','DEVON','DEWEY','DHAKA','DHOTI','DIANA','DIANE','DIANN','DIARY','DICER','DICEY','DICKY','DICOT','DICTA','DIDST','DIGIT','DIJON','DILLY','DIMLY','DINAH','DINAR','DINER','DINGO','DINGY','DINKY','DIODE','DIRGE','DIRTY','DISCO','DITCH','DITSY','DITTO','DITTY','DITZY','DIVAN','DIVER','DIVOT','DIVVY','DIXIE','DIZZY','DJINN','DNEPR','DOBRA','DOCKS','DODGE','DODGY','DOGGY','DOGIE','DOGMA','DOILY','DOING','DOLBY','DOLLY','DOLLY','DOLOR','DOMED','DONAL','DONNA','DONNE','DONNE','DONOR','DONUT','DOOZY','DOPER','DOPEY','DORIC','DORIS','DORKY','DOTER','DOTTY','DOTTY','DOUBT','DOUGH','DOURO','DOUSE','DOVER','DOWDY','DOWEL','DOWER','DOWNS','DOWNY','DOWRY','DOWSE','DOYEN','DOYLE','DOZEN','DOZER','DRACO','DRAFT','DRAIN','DRAKE','DRAKE','DRAMA','DRANK','DRAPE','DRAWL','DRAWN','DREAD','DREAM','DREAR','DREGS','DRESS','DRIED','DRIER','DRIES','DRIFT','DRILL','DRILY','DRINK','DRIVE','DROLL','DRONE','DROOL','DROOP','DROPS','DROSS','DROVE','DROWN','DRUID','DRUID','DRUNK','DRUPE','DRUSE','DRUZE','DRYAD','DRYAD','DRYER','DRYLY','DUALA','DUANE','DUBAI','DUBHE','DUCAL','DUCAT','DUCHY','DUCKS','DUCKY','DUDED','DUKES','DULLY','DUMAS','DUMMY','DUMPS','DUMPY','DUNCE','DUNNO','DUPER','DUPLE','DURER','DUREY','DURGA','DURST','DURUM','DUSKY','DUSTY','DUTCH','DUTCH','DUVET','DWARF','DWEEB','DWELL','DWELT','DYFED','DYING','DYLAN','EAGER','EAGLE','EARED','EARLE','EARLY','EARTH','EARTH','EASEL','EATEN','EATER','EAVES','EBOLA','EBONY','ECLAT','EDDIE','EDEMA','EDGAR','EDGED','EDGER','EDICT','EDIFY','EDITH','EDSON','EDUCE','EDWIN','EERIE','EFFIE','EGADS','EGRET','EGYPT','EIDER','EIDOS','EIGHT','EJECT','ELAND','ELATE','ELBOW','ELDER','ELECT','ELEGY','ELENA','ELFIN','ELGAR','ELIAS','ELIDE','ELIOT','ELISE','ELITE','ELIZA','ELLEN','ELLIS','ELLYN','ELMER','ELOPE','ELSIE','ELTON','ELUDE','ELUTE','ELVER','ELVES','ELVIN','EMAIL','EMBED','EMBER','EMCEE','EMEND','EMERY','EMERY','EMILE','EMILY','EMMET','EMORY','EMOTE','EMPTY','ENACT','ENDOW','ENDUE','ENEMA','ENEMY','ENJOY','ENNUI','ENOCH','ENROL','ENRON','ENSUE','ENTER','ENTRY','ENURE','ENVOI','ENVOY','EOSIN','EPOCH','EPODE','EPOXY','EQUAL','EQUIP','ERASE','ERBIL','ERECT','ERGOT','ERICA','ERICH','ERIKA','ERNIE','ERNST','ERODE','ERROL','ERROR','ERUCT','ERUPT','ERWIN','ESPOO','ESSAY','ESSEN','ESSEX','ESTER','ESTOP','ETHAN','ETHEL','ETHER','ETHIC','ETHOS','ETHYL','ETUDE','EVADE','EVANS','EVENT','EVERY','EVICT','EVOKE','EXACT','EXALT','EXCEL','EXERT','EXILE','EXIST','EXPEL','EXTOL','EXTRA','EXUDE','EXULT','EXURB','EYRIE','EYRIR','FABLE','FACED','FACET','FACIA','FADED','FAERY','FAGIN','FAGOT','FAINT','FAIRY','FAITH','FAITH','FAKER','FAKIR','FALLA','FALLS','FALSE','FAMED','FANCY','FANNY','FANNY','FARAD','FARCE','FARER','FARGO','FAROE','FATAL','FATED','FATES','FATLY','FATTY','FATWA','FAULT','FAUNA','FAURE','FAUST','FAUVE','FAUVE','FAVOR','FEAST','FEAZE','FECAL','FECES','FEIGN','FEINT','FELIX','FELLA','FELON','FEMUR','FENCE','FENNY','FERAL','FERMI','FERNE','FERNY','FERRY','FETAL','FETCH','FETID','FETUS','FEVER','FEWER','FEYLY','FIBER','FIBRE','FICHE','FICHU','FICUS','FIELD','FIEND','FIERY','FIFER','FIFTH','FIFTY','FIGHT','FILCH','FILER','FILET','FILLY','FILMY','FILTH','FINAL','FINCH','FINIS','FINNY','FIONA','FIORD','FIRER','FIRST','FIRTH','FISHY','FITLY','FIVER','FIXED','FIXER','FIZZY','FJORD','FLACK','FLAIL','FLAIR','FLAKE','FLAKY','FLAME','FLANK','FLARE','FLASH','FLASK','FLATS','FLECK','FLEER','FLEET','FLESH','FLICK','FLIED','FLIER','FLIES','FLING','FLINT','FLINT','FLIRT','FLOAT','FLOCK','FLOOD','FLOOD','FLOOR','FLOPS','FLORA','FLORA','FLOSS','FLOUR','FLOUT','FLOWN','FLOYD','FLUFF','FLUID','FLUKE','FLUKY','FLUME','FLUNG','FLUNK','FLUSH','FLUTE','FLUTY','FLYBY','FLYER','FOAMY','FOCAL','FOCUS','FOEHN','FOGEY','FOGGY','FOIST','FOLIO','FOLKS','FOLLY','FONDA','FONDU','FORAY','FORCE','FORGE','FORGO','FORTE','FORTH','FORTH','FORTY','FORUM','FOUND','FOUNT','FOXED','FOYER','FRAIL','FRAME','FRANC','FRANK','FRANK','FRAUD','FREAK','FREDA','FRENA','FREON','FRESH','FREUD','FREYA','FREYR','FRIAR','FRIED','FRIER','FRIES','FRILL','FRIML','FRISE','FRISK','FRITZ','FRITZ','FRIZZ','FROCK','FROND','FRONT','FROSH','FROST','FROST','FROTH','FROWN','FROZE','FRUIT','FRUMP','FRYER','FUDGE','FUGAL','FUGUE','FULLY','FUMES','FUNDS','FUNDY','FUNGI','FUNGO','FUNKY','FUNNY','FUROR','FURRY','FURZE','FURZY','FUSEE','FUSSY','FUSTY','FUTON','FUZEE','FUZZY','GABBY','GABLE','GABLE','GABON','GAFFE','GAILY','GAINS','GALEN','GAMES','GAMEY','GAMIN','GAMMA','GAMUT','GANJA','GAPPY','GARBO','GARRY','GARTH','GASPE','GASSY','GATED','GATER','GATES','GATOR','GAUDY','GAUGE','GAUNT','GAUZE','GAUZY','GAVEL','GAWKY','GAYLE','GAYLY','GAZER','GECKO','GEEKY','GEESE','GELID','GEMMY','GENET','GENIC','GENIE','GENII','GENOA','GENRE','GENUS','GEODE','GERMY','GERRY','GETTY','GETUP','GHANA','GHATS','GHENT','GHOST','GHOUL','GIANT','GIBER','GIDDY','GIJON','GILDA','GILES','GIMME','GIMPY','GINNY','GIPSY','GIPSY','GIRLY','GIRTH','GISMO','GIVEN','GIVER','GIZMO','GLACE','GLADE','GLAND','GLANS','GLARE','GLASS','GLAZE','GLEAM','GLEAN','GLENN','GLIDE','GLINT','GLITZ','GLOAT','GLOBE','GLOOM','GLORY','GLOSS','GLOVE','GLOZE','GLUEY','GLUON','GLYPH','GNARL','GNASH','GNOME','GODLY','GOFER','GOGOL','GOING','GOLEM','GOLLY','GOMEL','GONAD','GONER','GONIF','GONNA','GONZO','GOODS','GOODY','GOOEY','GOOFY','GOOSE','GORED','GORGE','GORKI','GORKY','GORSE','GOTTA','GOUDA','GOUGE','GOURD','GOUTY','GOYIM','GRACE','GRACE','GRADE','GRAFT','GRAIL','GRAIL','GRAIN','GRAND','GRANT','GRANT','GRAPE','GRAPH','GRASP','GRASS','GRASS','GRATE','GRAVE','GRAVY','GRAZE','GREAT','GREBE','GRECO','GREED','GREEK','GREEN','GREEN','GREER','GREET','GREGG','GRETA','GRIEF','GRIEG','GRIFT','GRILL','GRIME','GRIMM','GRIMY','GRIND','GRIPE','GRIST','GRITS','GROAN','GROAT','GROIN','GROOM','GROPE','GROSS','GROSZ','GROSZ','GROUP','GROUT','GROVE','GROWL','GROWN','GRUEL','GRUFF','GRUMP','GRUNT','GUANO','GUARD','GUAVA','GUESS','GUEST','GUIDE','GUILD','GUILE','GUILT','GUISE','GULAG','GULAG','GULCH','GULLY','GUMBO','GUMBO','GUMMY','GUNKY','GUNNY','GUPPY','GUSHY','GUSSY','GUSTO','GUSTY','GUTSY','GUTTY','GWENT','GYPSY','GYPSY','GYROS','HABIT','HACEK','HADES','HADES','HADJI','HADST','HAGAR','HAGUE','HAIDA','HAIFA','HAIKU','HAIRY','HAITI','HAJJI','HALAL','HALER','HALEY','HALLE','HALLO','HALVE','HAMAH','HAMAL','HAMAS','HAMMY','HANDS','HANDY','HANDY','HANKY','HANNA','HANOI','HAOLE','HAPLY','HAPPY','HARDY','HARDY','HAREM','HARPY','HARPY','HARRY','HARRY','HARSH','HARTE','HASID','HASTE','HASTY','HATCH','HATED','HATER','HAUNT','HAUSA','HAVEL','HAVEN','HAVES','HAVOC','HAWKE','HAWKS','HAYDN','HAYES','HAZEL','HAZEL','HAZER','HEADS','HEADY','HEAPS','HEARD','HEART','HEATH','HEATH','HEAVE','HEAVY','HEDGE','HEELS','HEFTY','HEGEL','HEIDI','HEINE','HEINZ','HEIST','HELEN','HELGA','HELIX','HELLO','HELOT','HELVE','HENCE','HENNA','HENRY','HENRY','HERAT','HERBY','HEROD','HERON','HERTZ','HERZL','HESSE','HEWER','HEXER','HIDER','HIJRA','HIKER','HILDA','HILLY','HINDI','HINDU','HINES','HINGE','HIPPO','HIPPY','HIRAM','HIRER','HITCH','HIVES','HMONG','HOAGY','HOARD','HOARY','HOBBY','HOFFA','HOGAN','HOIST','HOKAN','HOKEY','HOKKU','HOKUM','HOLEY','HOLLY','HOLLY','HOLST','HOMER','HOMER','HOMEY','HONDO','HONER','HONEY','HONKY','HONOR','HONOR','HOOCH','HOOEY','HOOKA','HOOKE','HOOKY','HOOPS','HORAH','HORDE','HORNE','HORNY','HORSE','HORSY','HORUS','HOSEA','HOSTA','HOTEL','HOTLY','HOUND','HOURI','HOURS','HOUSE','HOUSE','HOVEL','HOVER','HOWDY','HOXHA','HOYLE','HUANG','HUBBY','HUBLI','HUFFY','HUGLI','HULKY','HULLO','HUMAN','HUMID','HUMOR','HUMUS','HUNAN','HUNCH','HUNKY','HURON','HURRY','HUSKY','HUSSY','HUTCH','HUZZA','HWANG','HYDRA','HYDRA','HYDRO','HYENA','HYING','HYMEN','HYMEN','HYPER','HYRAX','IAMBI','IBIZA','IBSEN','ICHOR','ICILY','ICING','ICTUS','IDAHO','IDEAL','IDIOM','IDIOT','IDLER','IDYLL','IGLOO','ILEAC','ILEAL','ILENE','ILEUM','ILIAC','ILIAD','ILION','ILIUM','ILIUM','IMAGE','IMAGO','IMBED','IMBUE','IMPEL','IMPLY','INANE','INAPT','INCAN','INCUR','INCUS','INDEX','INDIA','INDIC','INDIE','INDUE','INDUS','INEPT','INERT','INFER','INFRA','INGOT','INLAY','INLET','INNER','INPUT','INSET','INTER','INTRO','INUIT','INURE','IONIA','IONIC','IONIC','IOWAN','IRANI','IRAQI','IRATE','IRBID','IRBIL','IRENE','IRISH','IRONS','IRONY','IRVIN','IRWIN','ISAAC','ISLAM','ISLET','ISSEI','ISSUE','ITALY','ITCHY','IVIED','IVORY','IYYAR','IZMIR','IZMIT','JABOT','JACKS','JACKY','JACOB','JADED','JAFFA','JALAP','JAMES','JAMIE','JANET','JANIE','JANIS','JANUS','JAPAN','JAPAN','JAPER','JARED','JASON','JAUNT','JAVAN','JAWED','JAYNE','JAZZY','JEANS','JEDDA','JEHAD','JELLO','JELLY','JENNY','JENNY','JERKY','JERRY','JESSE','JESUS','JETTY','JEWEL','JEWEL','JEWRY','JIDDA','JIFFY','JIHAD','JILIN','JIMMY','JIMMY','JINAN','JINNI','JIVER','JIVEY','JOANN','JODIE','JOHNS','JOINT','JOIST','JOKER','JOKEY','JOLLY','JOLTY','JONAH','JONAS','JONES','JOSEF','JOSUE','JOULE','JOUST','JOWLS','JOWLY','JOYCE','JUDAH','JUDAS','JUDEA','JUDGE','JUDIE','JUICE','JUICY','JULEP','JULES','JULIA','JULIE','JUMBO','JUMNA','JUMPS','JUMPY','JUNCO','JUNKY','JUNTA','JUNTO','JUROR','KABOB','KABUL','KADAR','KAFIR','KAFKA','KAMET','KAPOK','KAPPA','KAPUT','KARAJ','KARAT','KAREN','KARIN','KARLA','KARMA','KAROL','KAROO','KARST','KATHY','KATIE','KAUAI','KAYAK','KAZAN','KAZOO','KEATS','KEBAB','KEBOB','KEDGE','KEITH','KELLY','KENAI','KENNY','KENTE','KENYA','KERNE','KERRY','KETCH','KEVIN','KHAKI','KHMER','KHOUM','KHUFU','KICKS','KICKY','KIDDO','KIDDY','KINDA','KINGS','KINKY','KIOSK','KIOWA','KIRBY','KIRIN','KIROV','KITTY','KITTY','KITWE','KLAUS','KLUTZ','KNACK','KNAVE','KNEAD','KNEED','KNEEL','KNELL','KNELT','KNIFE','KNISH','KNOCK','KNOLL','KNOUT','KNOWN','KNURL','KOALA','KONYA','KOOKY','KOPEK','KORAN','KOREA','KOTAH','KRAAL','KRAUT','KRILL','KRONA','KRONE','KROON','KUDOS','KUDZU','KULAK','KURIL','KURSK','KURUS','KYOTO','LABEL','LABIA','LABOR','LACER','LACES','LADEN','LADLE','LAGER','LAGOS','LAIRD','LAITY','LAIUS','LAMAR','LAMIA','LANAI','LANAI','LANCE','LANCE','LANKY','LANNY','LAOZI','LAPEL','LAPIN','LAPSE','LARCH','LARDY','LARES','LARGE','LARGO','LARGO','LARNE','LARRY','LARVA','LASER','LASSO','LATCH','LATER','LATEX','LATHE','LATIN','LATKE','LATTE','LAUGH','LAURA','LAVAL','LAXLY','LAYER','LAZAR','LEACH','LEAFY','LEAKY','LEANT','LEAPT','LEARN','LEARY','LEASE','LEASH','LEAST','LEAVE','LEDGE','LEECH','LEEDS','LEERY','LEFTY','LEGAL','LEGGY','LEGIT','LEIGH','LEILA','LELIA','LEMAN','LEMMA','LEMON','LEMUR','LENIN','LENTO','LEONA','LEONE','LEPER','LEPUS','LEROY','LETHE','LETHE','LETUP','LEVEE','LEVEL','LEVER','LEVIS','LEVIS','LEWES','LEWIS','LEXIS','LEYTE','LHASA','LIANA','LIBBY','LIBEL','LIBRA','LIBYA','LICIT','LIEGE','LIEGE','LIFER','LIGHT','LIKEN','LIKES','LILAC','LILLE','LIMBO','LIMBO','LIMEY','LIMIT','LINDA','LINED','LINEN','LINER','LINES','LINGO','LINKS','LINTY','LIPID','LIPPI','LIPPY','LISLE','LISTS','LISZT','LITAS','LITER','LITHE','LITRE','LIVED','LIVEN','LIVER','LIVES','LIVID','LIVRE','LLAMA','LLANO','LLOYD','LOADS','LOAMY','LOATH','LOBAR','LOBBY','LOBED','LOCAL','LOCKE','LOCKS','LOCUS','LODEN','LODGE','LOESS','LOEWE','LOFTY','LOGAN','LOGGY','LOGIC','LOGIN','LOGON','LOINS','LOIRE','LONER','LONNA','LONNY','LOOFA','LOOKS','LOONY','LOOPY','LOOSE','LOPER','LOREN','LORIS','LORNA','LORRY','LOSER','LOTTA','LOTTO','LOTTY','LOTUS','LOUIE','LOUIS','LOURY','LOUSE','LOUSY','LOVER','LOWER','LOWER','LOWLY','LOYAL','LUCIA','LUCID','LUCKY','LUCRE','LUDIC','LUMEN','LUMPS','LUMPY','LUNAR','LUNCH','LUNGE','LUPIN','LUPUS','LUPUS','LURCH','LURID','LUSTY','LUTON','LUZON','LYCIA','LYCRA','LYDIA','LYELL','LYING','LYMAN','LYMPH','LYNCH','LYNDA','LYNNE','LYONS','LYRIC','LYSES','LYSIN','LYSIS','MABEL','MACAO','MACAU','MACAW','MACHO','MACON','MACRO','MADAM','MADAM','MADGE','MADLY','MAFIA','MAFIA','MAGIC','MAGMA','MAGUS','MAGUS','MAHDI','MAIDU','MAILS','MAINE','MAINZ','MAIZE','MAJOR','MAJOR','MAKER','MALAY','MALMO','MALTA','MALTY','MAMBA','MAMBO','MAMET','MAMIE','MAMMA','MAMMY','MANAT','MANDY','MANED','MANES','MANES','MANET','MANGE','MANGO','MANGY','MANIA','MANIC','MANLY','MANNA','MANOR','MANSE','MANTA','MAORI','MAPLE','MARAT','MARCH','MARCH','MARGO','MARIA','MARIA','MARIE','MARIN','MARIO','MARKA','MARKS','MARLA','MARLY','MARNE','MARRY','MARSH','MARTA','MARTI','MARVA','MASAI','MASER','MASON','MASON','MASSY','MATCH','MATHS','MATSU','MATTE','MATZO','MAUDE','MAUVE','MAVEN','MAVIN','MAXIM','MAYAN','MAYBE','MAYOR','MBINI','MBOYA','MCCOY','MCJOB','MEADE','MEALY','MEANS','MEANT','MEANY','MEANY','MEATY','MECCA','MECCA','MEDAL','MEDAN','MEDEA','MEDIA','MEDIA','MEDIC','MEGAN','MELBA','MELEE','MELON','MELOS','MELVA','MENES','MENSA','MERAK','MERCY','MERGE','MERIT','MERLE','MERRY','MERRY','MESNE','MESON','MESSY','METAL','METER','METIS','METIS','METRE','METRO','METRO','MEUSE','MEZZO','MIAMI','MICAH','MICRA','MICRO','MIDAS','MIDDY','MIDGE','MIDST','MIFFY','MIGHT','MIKVA','MILAN','MILCH','MILER','MILES','MILKY','MILNE','MIMER','MIMIC','MINCE','MINER','MINGY','MINIM','MINOR','MINSK','MINTY','MINUS','MIRIN','MIRTH','MISDO','MISER','MISTY','MITER','MITRE','MITTY','MITZI','MIXED','MIXER','MIXUP','MIZAR','MIZEN','MOCHA','MODAL','MODEL','MODEM','MOGUL','MOGUL','MOIRE','MOIST','MOLAL','MOLAR','MOLDY','MOLLY','MOLLY','MOMMA','MOMMY','MONAD','MONET','MONEY','MONGO','MONTE','MONTH','MONTY','MOOCH','MOODY','MOONY','MOORE','MOOSE','MOPED','MOPER','MOPEY','MORAL','MORAY','MOREA','MOREL','MORES','MORON','MORON','MORPH','MORSE','MOSEL','MOSES','MOSEY','MOSSY','MOSUL','MOTEL','MOTET','MOTIF','MOTOR','MOTTO','MOULD','MOULT','MOUND','MOUNT','MOUNT','MOURN','MOUSE','MOUSY','MOUTH','MOVED','MOVER','MOVIE','MOWER','MOXIE','MOYLE','MUCKY','MUCUS','MUDDY','MUFTI','MUGGY','MULCH','MULCT','MULLA','MUMMY','MUMPS','MUNCH','MUNRO','MURAL','MURAT','MUREX','MURKY','MUSCA','MUSER','MUSES','MUSHY','MUSIC','MUSKY','MUSSY','MUSTH','MUSTY','MUTED','MUZAK','MUZZY','MYLAR','MYLES','MYNAH','MYRNA','MYRON','MYRRH','NABOB','NACHO','NACRE','NADER','NADIA','NADIR','NAEVI','NAHUM','NAIAD','NAIAD','NAIRA','NAIVE','NAKED','NAKFA','NAMER','NANCY','NANNY','NAOMI','NAPPY','NARES','NARIS','NASAL','NASIK','NASTY','NATAL','NATAL','NATES','NATTY','NAURU','NAVAL','NAVEL','NDOLA','NEATH','NEEDS','NEEDY','NEGEV','NEGRO','NEHRU','NEIGH','NEMEA','NEPAL','NERDY','NERVE','NERVY','NEVER','NEVIL','NEVIN','NEVIS','NEVUS','NEWEL','NEWLY','NEWRY','NEWSY','NEXUS','NGWEE','NICHE','NIECE','NIFTY','NIGER','NIGHT','NIHON','NILES','NIMBI','NIMES','NINJA','NINNY','NINTH','NIOBE','NIPPY','NISAN','NISEI','NISEI','NITER','NITRE','NITRO','NITTY','NIXON','NOBEL','NOBLE','NOBLY','NODAL','NODDY','NODUS','NOHOW','NOISE','NOISY','NOLAN','NOMAD','NONCE','NONES','NOOSE','NORMA','NORSE','NORTH','NORTH','NOSED','NOSEY','NOTCH','NOTED','NOTES','NOVAE','NOVEL','NOWAY','NOYES','NUBBY','NUBIA','NUDGE','NUMEN','NURSE','NUTTY','NYASA','NYLON','NYMPH','OAKEN','OAKUM','OARED','OASES','OASIS','OATEN','OATES','OBELI','OBESE','OBJET','OCCUR','OCEAN','OCEAN','OCHER','OCHRE','OCTAL','OCTET','ODDLY','ODEON','ODETS','ODEUM','ODIUM','ODOUR','OFFAL','OFFER','OFTEN','OGEED','OGIVE','OGLER','OHMIC','OILED','OILER','OLDEN','OLDIE','OLIVE','OLIVE','OLLIE','OLMEC','OMAGH','OMAHA','OMANI','OMEGA','ONION','ONSET','ONTIC','OOMPH','OPERA','OPINE','OPIUM','OPTIC','ORANG','ORATE','ORBIT','ORDER','OREAD','ORGAN','ORIEL','ORION','ORLON','ORMUZ','ORRIN','ORRIS','ORSON','ORVAL','OSAGE','OSAKA','OSCAR','OSIER','OSMAN','OSMIC','OSTIA','OTHER','OTTER','OUGHT','OUIJA','OUJDA','OUNCE','OUTDO','OUTER','OUTGO','OUTRE','OVARY','OVATE','OVERT','OVINE','OVOID','OVULE','OWENS','OWING','OWLET','OWNED','OWNER','OXBOW','OXIDE','OZONE','PACER','PADDY','PADRE','PADRE','PADUA','PAEAN','PAGAN','PAGER','PAINE','PAINS','PAINT','PAISA','PALAU','PALMA','PALMY','PALSY','PAMIR','PAMPA','PAMPA','PANAY','PANDA','PANEL','PANIC','PANSY','PANTS','PANTY','PAPAL','PAPAW','PAPER','PARCH','PARER','PARIS','PARKA','PARKS','PARMA','PAROS','PARRY','PARSE','PARTS','PARTY','PARVE','PASHA','PASSE','PASTA','PASTE','PASTY','PATCH','PATEN','PATIO','PATLY','PATNA','PATON','PATSY','PATSY','PATTI','PATTY','PATTY','PAULA','PAUSE','PAVAN','PAVED','PAYEE','PAYER','PEACE','PEACH','PEALE','PEARL','PEARL','PEARY','PEATY','PECAN','PECOS','PEDAL','PEDRO','PEEVE','PEGGY','PEKOE','PELEE','PENAL','PENCE','PENES','PENIS','PENNE','PENNI','PENNY','PENNY','PENZA','PEONY','PEPIN','PEPPY','PEPYS','PERCH','PERCY','PERIL','PERKY','PERON','PEROT','PERRY','PERTH','PESKY','PESTO','PESTY','PETAL','PETER','PETER','PETIT','PETRA','PETTY','PEWEE','PHAGE','PHASE','PHEBE','PHIAL','PHLOX','PHONE','PHONY','PHOTO','PHYLA','PIANO','PICKY','PICOT','PIECE','PIETA','PIETA','PIETY','PIGGY','PIGMY','PIGMY','PIKED','PIKER','PILAF','PILAU','PILED','PILES','PILOT','PIMAN','PINCH','PINEY','PINKY','PINON','PINTO','PINUP','PIOUS','PIPER','PIPES','PIPET','PIPIT','PIQUE','PISAN','PITCH','PITHY','PITON','PIURA','PIVOT','PIXEL','PIXIE','PIZZA','PLACE','PLACE','PLAID','PLAIN','PLAIT','PLANE','PLANK','PLANO','PLANT','PLASH','PLASM','PLATA','PLATE','PLATH','PLATO','PLATY','PLAYA','PLAZA','PLEAD','PLEAT','PLEBE','PLEBS','PLENA','PLINY','PLUCK','PLUMB','PLUME','PLUMP','PLUMY','PLUNK','PLUSH','PLUTO','POACH','PODIA','POESY','POINT','POISE','POKER','POKEY','POLAR','POLER','POLIO','POLKA','POLLS','POLLY','POLYP','POLYS','PONCE','POOCH','POOLE','POONA','POPPA','POPPY','PORCH','PORED','PORKY','PORNO','PORTO','POSER','POSIT','POSSE','POTTY','POUCH','POULT','POUND','POUND','POUTY','POWER','POWYS','PRADO','PRAIA','PRANK','PRATE','PRAWN','PREEN','PRESS','PREXY','PRIAM','PRICE','PRICE','PRICK','PRICY','PRIDE','PRIER','PRIME','PRIMP','PRINK','PRINT','PRIOR','PRISE','PRISM','PRIVY','PRIZE','PROBE','PROEM','PROLE','PROMO','PRONE','PRONG','PROOF','PROSE','PROSY','PROUD','PROVE','PROVO','PROWL','PROXY','PRUDE','PRUNE','PRYER','PSALM','PSHAW','PSYCH','PUBES','PUBIC','PUBIS','PUDGY','PUFFY','PUKKA','PULER','PULPY','PULSE','PUNCH','PUNCH','PUNIC','PUPAE','PUPAL','PUPIL','PUPPY','PUREE','PURGE','PURIM','PURSE','PUSAN','PUSHY','PUSSY','PUTIN','PUTTY','PYGMY','PYGMY','PYLON','PYREX','PYXIS','QATAR','QUACK','QUAFF','QUAIL','QUAKE','QUAKY','QUALE','QUALM','QUARK','QUART','QUASH','QUASI','QUEAN','QUEEN','QUEEN','QUEER','QUELL','QUERY','QUEST','QUEUE','QUICK','QUIET','QUILL','QUILT','QUINT','QUIRE','QUIRK','QUIRT','QUITE','QUITO','QUITS','QUOIN','QUOIT','QUOTA','QUOTE','QUOTH','RABAT','RABBI','RABIA','RABID','RABIN','RACER','RACES','RADAR','RADII','RADIO','RADON','RAINS','RAINY','RAISE','RAJAB','RAJAH','RAKER','RALES','RALLY','RALPH','RAMEN','RAMIE','RAMON','RANCH','RANDY','RANDY','RANEE','RANGE','RANGY','RANKS','RAPER','RAPID','RASHT','RASPY','RATER','RATHE','RATIO','RATTY','RAVEL','RAVEL','RAVEN','RAYON','RAZOR','REACH','REACT','READY','REALM','REAMS','REARM','REAVE','REBEL','REBID','REBUS','REBUT','RECAP','RECTA','RECTO','RECUR','RECUT','REDID','REDLY','REDUX','REDYE','REEDY','REEKY','REEVE','REFER','REFIT','REFIX','REFRY','REGAL','REGIS','REHAB','REICH','REIFY','REIGN','REIMS','REINS','RELAX','RELAY','RELIC','REMAP','REMIT','REMIX','REMUS','RENAL','RENEE','RENEW','REPAY','REPEL','REPLY','RERAN','RERUN','RESET','RESEW','RESIN','RESOW','RETCH','RETIE','RETRO','RETRY','REUSE','REVEL','REVET','REVUE','REWED','RHEUM','RHINE','RHINO','RHODA','RHONA','RHONE','RHYME','RICER','RIDER','RIDGE','RIDGY','RIFLE','RIGEL','RIGHT','RIGHT','RIGID','RIGOR','RILKE','RILLE','RINSE','RIPEN','RISEN','RISER','RISKY','RITZY','RIVAL','RIVEN','RIVER','RIVET','RIYAL','ROACH','ROADS','ROAST','ROBIN','ROBIN','ROBOT','ROBYN','ROCKS','ROCKY','ROCKY','RODEO','RODIN','ROGER','ROGER','ROGET','ROGUE','ROILY','ROMAN','ROMAN','ROMEO','RONAL','RONDA','RONDE','RONDO','RONNY','ROOMS','ROOMY','ROOST','ROOTS','ROPES','ROSIN','ROTOR','ROUEN','ROUGE','ROUGH','ROUND','ROUSE','ROUST','ROUTE','ROVER','ROWDY','ROWEL','ROWER','ROYAL','ROYAL','ROYCE','RUBEL','RUBEN','RUBLE','RUDDY','RUFUS','RUGBY','RUGBY','RUINS','RULED','RULER','RUMBA','RUMEN','RUMMY','RUMOR','RUNES','RUNIC','RUNNY','RUNTY','RUPEE','RURAL','RUSHY','RUSTY','RUTTY','SABAH','SABER','SABIN','SABLE','SABOT','SABRA','SABRA','SABRE','SACCO','SACHS','SACRA','SADAT','SADIE','SADLY','SAFAR','SAGGY','SAHEL','SAHIB','SAINT','SAITH','SAKAI','SALAD','SALEM','SALES','SALLY','SALLY','SALON','SALON','SALOP','SALSA','SALTS','SALTY','SALVE','SALVO','SAMAR','SAMBA','SAMMY','SAMOA','SAMOS','SANAA','SANDY','SANDY','SANTA','SAONE','SAPID','SAPPY','SARAH','SARAN','SAREE','SARGE','SASSY','SATAN','SATIN','SATYR','SATYR','SAUCE','SAUCY','SAUDI','SAUNA','SAUTE','SAVER','SAVOR','SAVOY','SAVVY','SAWER','SAXON','SAYER','SCADS','SCALD','SCALE','SCALP','SCALY','SCAMP','SCANT','SCARE','SCARF','SCARP','SCARY','SCENE','SCENT','SCHMO','SCHWA','SCION','SCOFF','SCOLD','SCONE','SCOOP','SCOOT','SCOPE','SCORE','SCORN','SCOTS','SCOTT','SCOUR','SCOUT','SCOUT','SCOWL','SCRAM','SCRAP','SCREE','SCREW','SCRIM','SCRIP','SCROD','SCRUB','SCRUM','SCUBA','SCUFF','SCULL','SCURF','SEAMY','SECCO','SEDAN','SEDER','SEDGE','SEDGY','SEDUM','SEEDY','SEGUE','SEINE','SEINE','SEIZE','SELMA','SEMEN','SENNA','SENOR','SENSE','SENTE','SEOUL','SEPAL','SEPIA','SEPTA','SERGE','SERIF','SERRA','SERUM','SERVE','SERVO','SETON','SETUP','SEUSS','SEVEN','SEVER','SEWER','SEXED','SHACK','SHADE','SHADY','SHAFT','SHAKE','SHAKO','SHAKY','SHALE','SHALL','SHALT','SHAME','SHANE','SHANK','SHAPE','SHARD','SHARE','SHARI','SHARK','SHARP','SHAVE','SHAWL','SHAWN','SHAYS','SHEAF','SHEAR','SHEBA','SHEEN','SHEEP','SHEER','SHEET','SHEIK','SHELF','SHELL','SHERD','SHIED','SHIER','SHIFT','SHILL','SHINE','SHINY','SHIRE','SHIRK','SHIRR','SHIRT','SHIVA','SHIVA','SHLEP','SHOAH','SHOAL','SHOAT','SHOCK','SHONE','SHOOK','SHOOT','SHORE','SHORN','SHORT','SHOUT','SHOVE','SHOWA','SHOWN','SHOWY','SHRED','SHREW','SHRUB','SHRUG','SHUCK','SHUNT','SHUSH','SHYER','SHYLY','SIBYL','SIBYL','SICKO','SIDLE','SIDON','SIEGE','SIENA','SIEVE','SIGHT','SIGIL','SIGMA','SILAS','SILKY','SILLY','SILTY','SIMON','SINAI','SINCE','SINEW','SINGE','SINUS','SIOUX','SIREE','SIREN','SIREN','SIRUP','SISAL','SISSY','SITAR','SITUP','SITUS','SIVAN','SIXTH','SIXTY','SIZED','SKALD','SKATE','SKEET','SKEIN','SKIDS','SKIER','SKIES','SKIFF','SKILL','SKIMP','SKIRT','SKOAL','SKOSH','SKULK','SKULL','SKUNK','SLACK','SLAIN','SLAKE','SLANG','SLANT','SLASH','SLATE','SLATY','SLAVE','SLEEK','SLEEP','SLEET','SLEPT','SLICE','SLICK','SLIDE','SLIER','SLILY','SLIME','SLIMY','SLING','SLINK','SLOOP','SLOPE','SLOPS','SLOSH','SLOTH','SLUFF','SLUMP','SLUNG','SLUNK','SLURP','SLUSH','SLYLY','SMACK','SMALL','SMART','SMASH','SMEAR','SMELL','SMELT','SMILE','SMIRK','SMITE','SMITH','SMITH','SMOCK','SMOKE','SMOKY','SMOTE','SMUTS','SNACK','SNAFU','SNAIL','SNAKE','SNAKE','SNAKY','SNARE','SNARL','SNEAK','SNEER','SNIDE','SNIFF','SNIPE','SNIPS','SNOOD','SNOOP','SNOOT','SNORE','SNORT','SNOUT','SNOWY','SNUCK','SNUFF','SOAPY','SOAVE','SOBER','SODOM','SOFIA','SOFTY','SOGGY','SOLAR','SOLES','SOLID','SOLON','SOLON','SOLVE','SOMME','SONAR','SONIA','SONIC','SONJA','SONLY','SONNY','SONYA','SOOTH','SOOTY','SOPPY','SORRY','SORTA','SOUGH','SOUND','SOUPY','SOUSA','SOUSE','SOUTH','SOUTH','SOWER','SPACE','SPACY','SPADE','SPAIN','SPAKE','SPANK','SPARE','SPARK','SPASM','SPATE','SPAWN','SPEAK','SPEAR','SPECK','SPECS','SPEED','SPELL','SPELT','SPEND','SPENT','SPERM','SPICA','SPICE','SPICY','SPIEL','SPIKE','SPIKY','SPILL','SPILT','SPINE','SPINY','SPIRE','SPIRT','SPIRY','SPITE','SPLAT','SPLAY','SPLIT','SPLIT','SPOCK','SPOIL','SPOKE','SPOOF','SPOOK','SPOOL','SPOON','SPOOR','SPORE','SPORT','SPOUT','SPRAT','SPRAY','SPREE','SPRIG','SPUME','SPUMY','SPUNK','SPURN','SPURT','SPUTA','SQUAB','SQUAD','SQUAT','SQUAW','SQUIB','SQUID','STACK','STACY','STAEL','STAFF','STAGE','STAGY','STAID','STAIN','STAIR','STAKE','STALE','STALK','STALL','STAMP','STAND','STANK','STAPH','STARE','STARK','STARR','STARS','START','STASH','STATE','STATS','STAVE','STAYS','STEAD','STEAK','STEAL','STEAM','STEED','STEEL','STEEP','STEER','STEIN','STEIN','STELA','STELE','STENO','STENT','STERE','STERN','STERN','STEVE','STICK','STIFF','STILE','STILL','STILT','STING','STINK','STINT','STOAT','STOCK','STOGY','STOIC','STOIC','STOKE','STOLE','STOMA','STOMP','STONE','STONE','STONY','STOOD','STOOL','STOOP','STORE','STORK','STORM','STORY','STOUP','STOUT','STOVE','STOWE','STRAP','STRAW','STRAY','STREP','STREW','STRIA','STRIP','STROP','STRUM','STRUT','STUCK','STUDY','STUFF','STUMP','STUNG','STUNK','STUNT','STUPA','STYLE','STYLI','STYMY','SUAVE','SUCRE','SUCRE','SUDAN','SUDSY','SUEDE','SUFIC','SUGAR','SUITE','SULFA','SULKY','SULLA','SULLY','SUMAC','SUMER','SUNDA','SUNNA','SUNNI','SUNNY','SUNUP','SUPER','SUPRA','SURAH','SURAL','SURAT','SURGE','SURLY','SUSAN','SUSHI','SUSIE','SUTRA','SUWON','SUZAN','SWAIN','SWALE','SWAMI','SWAMP','SWANK','SWARD','SWARM','SWART','SWASH','SWATH','SWAZI','SWEAR','SWEAT','SWEDE','SWEDE','SWEEP','SWEET','SWELL','SWEPT','SWIFT','SWIFT','SWILL','SWINE','SWING','SWIPE','SWIRL','SWISH','SWISS','SWOON','SWOOP','SWORD','SWORE','SWORN','SWUNG','SYBIL','SYLPH','SYNCH','SYNGE','SYNOD','SYRIA','SYRUP','TABBY','TABLA','TABLE','TABOO','TABOR','TACET','TACIT','TACKY','TAEGU','TAFFY','TAGUS','TAHOE','TAIGA','TAILS','TAINE','TAINO','TAINT','TAJIK','TAKEN','TAKER','TALER','TALKS','TALKY','TALLY','TALON','TALUS','TAMER','TAMIL','TAMMY','TAMPA','TANEY','TANGO','TANGY','TANSY','TANYA','TAPER','TAPIR','TARDY','TARES','TAROT','TAROT','TARRY','TARSI','TASTE','TASTY','TATAR','TATER','TATRA','TATRY','TAUNT','TAUPE','TAWNY','TAXER','TAXON','TEACH','TEARS','TEARY','TEASE','TEBET','TEDDY','TEDDY','TEENS','TEENY','TEETH','TELEX','TELIC','TELLY','TEMPE','TEMPI','TEMPO','TEMPT','TENET','TENGE','TENON','TENOR','TENSE','TENTH','TEPEE','TEPIC','TEPID','TERMS','TERRI','TERRY','TERRY','TERSE','TESLA','TESLA','TESTY','TETON','TETRA','TEVET','TEXAN','TEXAS','THANA','THANE','THANK','THANT','THEBE','THEFT','THEGN','THEIR','THEME','THERE','THESE','THETA','THEWS','THEWY','THICK','THIEF','THIGH','THINE','THING','THINK','THIRD','THOLE','THONG','THORN','THORP','THOSE','THREE','THREW','THROB','THROE','THROW','THRUM','THUMB','THUMP','THYME','TIARA','TIBER','TIBET','TIBIA','TICAL','TIDAL','TIGER','TIGHT','TILDE','TILER','TILTH','TIMER','TIMES','TIMID','TIMOR','TINCT','TINED','TINGE','TINNY','TIPSY','TIRED','TIROL','TITAN','TITAN','TITHE','TITLE','TITUS','TIZZY','TOADY','TOAST','TOBIT','TODAY','TODDY','TOFFY','TOILE','TOILS','TOKAY','TOKEN','TOKYO','TOLAR','TOMMY','TOMSK','TONAL','TONER','TONGA','TONGS','TONIC','TONNE','TONYA','TOOTH','TOPAZ','TOPER','TOPIC','TOQUE','TORAH','TORAH','TORCH','TORII','TORSI','TORSO','TORTE','TOTAL','TOTEM','TOUCH','TOUGH','TOURS','TOWEL','TOWER','TOWNY','TOXIC','TOXIN','TRACE','TRACK','TRACT','TRACY','TRADE','TRAIL','TRAIN','TRAIT','TRAMP','TRAPS','TRASH','TRAWL','TREAD','TREAT','TREND','TRENT','TRESS','TRIAD','TRIAD','TRIAL','TRIBE','TRICE','TRICK','TRIED','TRIKE','TRILL','TRINE','TRIPE','TRITE','TROIA','TROJA','TROLL','TROMP','TROOP','TROPE','TROTH','TROUT','TROVE','TRUCE','TRUCK','TRUDY','TRULY','TRUMP','TRUNK','TRURO','TRUSS','TRUST','TRUTH','TRUTH','TRYST','TUBAL','TUBBY','TUBED','TUBER','TUDOR','TUFTY','TULIP','TULLE','TULSA','TUMID','TUMMY','TUMOR','TUNER','TUNIC','TUNIS','TUNNY','TUQUE','TURBO','TURFY','TURIN','TURKU','TUTOR','TUTSI','TUTTI','TWAIN','TWAIN','TWANG','TWEAK','TWEED','TWEED','TWEEN','TWEET','TWERP','TWICE','TWILL','TWINE','TWIRL','TWIST','TWIXT','TYING','TYLER','TYROL','TZUPO','UDDER','UGRIC','UKASE','ULCER','ULNAE','ULNAR','ULSAN','ULTRA','UMBEL','UMBER','UMBRA','UMIAK','UNARM','UNBAR','UNBID','UNCAP','UNCLE','UNCUT','UNDER','UNDID','UNDUE','UNFED','UNFIT','UNFIX','UNIFY','UNION','UNION','UNITE','UNITY','UNLIT','UNMAN','UNPEG','UNPIN','UNSAY','UNTIE','UNTIL','UNWED','UNWON','UNZIP','UPEND','UPPER','UPPER','UPSET','URALS','URBAN','URBAN','URIAH','URIEL','URINE','USAGE','USHER','USUAL','USURP','USURY','UTAHN','UTERI','UTILE','UTTER','UVULA','UZBEK','VACUA','VADUZ','VAGUE','VALET','VALID','VALOR','VALSE','VALUE','VALVE','VAMPY','VANCE','VAPID','VAPOR','VARNA','VASTY','VATIC','VAULT','VAUNT','VEDIC','VEDIC','VEGAN','VEINY','VELAR','VELDT','VELMA','VELUM','VENAL','VENOM','VENUE','VENUS','VERDE','VERDI','VERGE','VERNA','VERNE','VERSE','VERSO','VERTU','VERVE','VESTA','VETCH','VEXED','VIAND','VIBES','VICAR','VICHY','VICKI','VICKY','VIDAL','VIDEO','VIGIL','VIGOR','VILLA','VILLA','VILLI','VILNA','VINCI','VINYL','VIOLA','VIOLA','VIPER','VIRAL','VIREO','VIRGO','VIRTU','VIRUS','VISIT','VISOR','VISTA','VITAE','VITAL','VIVID','VIXEN','VIZIR','VIZOR','VOCAL','VODKA','VOGUE','VOICE','VOILA','VOILE','VOLGA','VOLOS','VOLTA','VOMIT','VOTER','VOUCH','VOWEL','VOWER','VULVA','VYING','WACKO','WACKY','WADER','WAFER','WAGER','WAGES','WAGON','WAHOO','WAIST','WAIVE','WAKEN','WALDO','WALES','WALLS','WALTZ','WANDA','WANLY','WANNA','WARES','WARTY','WASHY','WASPY','WASTE','WATCH','WATER','WAUGH','WAVER','WAXEN','WAYNE','WEALD','WEARY','WEAVE','WEBER','WEBER','WEDGE','WEEDS','WEEDY','WEENY','WEEPY','WEIGH','WEILL','WEIRD','WELCH','WELCH','WELLS','WELSH','WELSH','WELTY','WENCH','WENDY','WESER','WETLY','WHACK','WHALE','WHARF','WHEAL','WHEAT','WHEEL','WHELK','WHELM','WHELP','WHERE','WHICH','WHIFF','WHILE','WHINE','WHINY','WHIPT','WHIRL','WHIRR','WHISH','WHISK','WHIST','WHITE','WHITE','WHIZZ','WHOLE','WHOOP','WHORE','WHORL','WHOSE','WHOSO','WICCA','WIDEN','WIDOW','WIDTH','WIELD','WIGHT','WIGHT','WILDA','WILDE','WILDS','WILES','WILEY','WILLA','WILMA','WIMPY','WINCE','WINCH','WINDS','WINDY','WINGS','WIPER','WIRED','WISPY','WITCH','WITHE','WITHY','WITTY','WIVES','WIZEN','WODEN','WOFUL','WOKEN','WOLFE','WOMAN','WOMEN','WOODS','WOODS','WOODY','WOOER','WOOLF','WOOLY','WOOPS','WOOZY','WORDS','WORDY','WORKS','WORLD','WORLD','WORMS','WORMY','WORRY','WORSE','WORST','WORTH','WOULD','WOUND','WOVEN','WRACK','WRAPT','WRATH','WREAK','WRECK','WREST','WRIER','WRING','WRIST','WRITE','WRONG','WROTE','WROTH','WRUNG','WRYLY','WUHAN','WURST','WUSIH','WUSSY','WYATT','WYETH','WYLIE','XEBEC','XENON','XERIC','XEROX','XEROX','XHOSA','XINGU','XYLEM','YACHT','YAHOO','YAHOO','YAHWE','YALTA','YAPPY','YAQUI','YAREN','YAZOO','YEARN','YEARS','YEAST','YEATS','YEMEN','YENTA','YIELD','YIKES','YODEL','YOGIC','YOGIN','YOKEL','YOKES','YOUNG','YOUNG','YOURS','YOUTH','YUCCA','YUCKY','YUKON','YUMMY','YUPIK','YUPPY','ZAIRE','ZAIRE','ZARQA','ZAZEN','ZEBRA','ZELDA','ZESTY','ZILCH','ZINGY','ZIPPY','ZLOTY,'ZOMBI','ZONAL','ZONED']